title,rdate
개인사업자 대상 기업디지털 영업기반 구축 업체 선정을 위한 공고,2021 01 07
닥터클럽대출 플래티늄 판매중지 안내,2021 01 06
하나 금리고정형 적격대출  재판매 안내,2021 01 05
가가호호담보대출(MCI) 재판매 안내,2021 01 05
HANA ASSET PLANNER 서비스 중단 안내,2021 01 04
내자산연구소 일부 서비스 중단 안내,2021 01 04
함께하는 사랑 통장 함께하는 사랑 적금 특약 변경 안내,2020 12 31
일시중단 금융IC카드공동현금카드 업무 일시중단 안내,2020 12 31
비과세 종합저축 특약 개정 안내,2020 12 31
하도급협력대금통장 특약 변경 안내,2020 12 31
일임형 개인종합자산관리계좌(ISA) 상품명 및 모델포트폴리오명 변경 안내 ,2020 12 30
일임형 개인종합자산관리계좌(ISA) 계약서 개정 안내,2020 12 30
일임형 개인종합자산관리계좌(ISA) 약관 개정 안내,2020 12 30
수신상품 3종 특약 변경 안내,2020 12 30
일시정지 글로벌페이(Paypal)송금 일시중단 안내,2020 12 29
하나원큐 정기예금 특약 변경 안내,2020 12 28
하나원큐 얼굴인증 이모티콘 공모전 수상작 발표,2020 12 24
퇴직연금 운용관리약관 및 자산관리약관 개정안내,2020 12 24
수신상품 금리변경 안내,2020 12 24
오픈뱅킹서비스 참가기관 추가 안내,2020 12 24
일시중단 전자금융공동망 업무 일시중단 안내,2020 12 24
영업점 통합 및 이전 안내,2020 12 23
2020년 하반기 제휴적금 판매에 따른 제휴처 안내,2020 12 23
GLN 서비스 이용약관 및 서비스 설명서 개정 안내,2020 12 22
ISA만기자금 연금저축신탁 계좌이체 프로세스 개발 업체 선정을 위한 재공고,2020 12 18
하나 공사 주택연금 역모기지론 대상주택 확대에 따른 내용변경,2020 12 15
EDMS 프로세스 신규/개선 프로젝트를 위한 제안 재공고,2020 12 15
마케팅 시스템(CRM) 개선을 위한 제안 공고,2020 12 14
12월 10일 이후 공인인증서 이렇게 달라집니다!,2020 12 10
계약기반 미래채권담보대출용 추가약정서 제정 안내,2020 12 10
펀드 비대면 서비스 고도화 업체 선정을 위한 재공고,2020 12 10
일시중단 오픈뱅킹 기관추가에 따른 오픈뱅킹 서비스 일시 중단 안내,2020 12 09
새로운 하나원큐 앱에서의 스마트OTP 이용방법 안내,2020 12 09
전세자금대출(서울보증보험) 권리보험사 선정을 위한 제한경쟁입찰 재공고,2020 12 09
ISA만기자금 연금저축신탁 계좌이체 프로세스 개발을 위한 제안공고,2020 12 09
외국환 서비스 관련 약관 4종 개정 안내,2020 12 08
오픈뱅킹공동업무 금융정보조회, 오픈뱅킹공동업무 자동계좌이체
MZ세대 금융플랫폼 구축을 위한 제안 재공고,2020 12 07
바보의 나눔 통장·적금 판매중단 안내,2020 12 04
퇴직연금 수익률관리시스템용 히다찌 스토리지 증설 입찰 공고,2020 12 04
EDMS 프로세스 신규/개선 프로젝트를 위한 제안 공고,2020 12 04
전자금융 네트워크 및 보안장비 입찰 공고,2020 12 04
경희대(출) 폐쇄 조치로 인한 안내,2020 12 04
일시중단 저축은행/새마을금고 금융거래 일시중단 안내,2020 12 03
기업손님 디지털 마케팅 플랫폼 구축 프로젝트를 위한 제안 재공고,2020 12 03
국외점포 smart cloud 시스템 증설을 위한 dell 서버 입찰 공고,2020 12 03
SKT 휴대폰 본인인증 서비스 일시 중단 안내,2020 12 03
HANA Trade EZ 개발 프로젝트(EDMS)를 위한 제안 재공고,2020 12 02
HANA Trade EZ 개발 프로젝트(외환상품)를 위한 제안 재공고,2020 12 02
전세자금대출(서울보증보험) 권리보험사 선정을 위한 입찰 공고,2020 12 01
펀드 비대면 서비스 고도화를 위한 제안 공고,2020 12 01
고객센터 가계여신 무자서 연장업무 수탁사 선정을 위한 입찰 공고,2020 12 01
데이터 품질 고도화를 위한 제안 재공고,2020 12 01
충남대병원지점 영업점 방문 시 유의사항 안내,2020 11 30
데이터 백업 장비 입찰 공고,2020 11 30
판매중지 하나 금리고정형 적격대출,2020 11 30
일시중단 펀드 예약거래 일시중단 안내,2020 11 27
MZ세대 금융플랫폼 구축을 위한 제안 공고,2020 11 27
뱅크사인 업무 이관에 따른 개인정보 이전 사실 사전 통보,2020 11 26
은행권 영세소상공인 이차보전대출 판매중지 안내,2020 11 24
중요증서 시스템 개편 및 업무프로세스 개선을 위한 제안 재공고,2020 11 24
기업손님 디지털마케팅 플랫폼 구축 프로젝트를 위한 제안 공고,2020 11 24
오픈뱅킹서비스 이용약관 개정 안내,2020 11 20
데이터 품질 고도화를 위한 제안 공고,2020 11 20
일시중단 신협중앙회 금융거래 일시중단 안내,2020 11 20
결제성 상품 약관 8종 개정 안내,2020 11 19
장기 미사용계좌에 대한 거래중지계좌 편입 사전통지 안내(2020년 4분기),2020 11 19
HANA Trade EZ 개발 프로젝트(EDMS)을 위한 제안 공고,2020 11 18
HANA Trade EZ 개발 프로젝트(외환상품)을 위한 제안 공고,2020 11 18
일시중단 한국전자인증 인증서 업무 일시중단 안내,2020 11 18
모바일 OTP 인증 체계 강화를 위한 제안 공고,2020 11 18
가가호호 MCI 상품 판매중지 안내,2020 11 16
국외 건전성충담금 시스템 개선을 위한 제안 재공고,2020 11 16
하나원큐 앱 이용약관 개정 안내,2020 11 16
하나원큐 얼굴인증 이모티콘 공모전,2020 11 16
일시중단 NH투자증권 금융거래 일시중단 안내,2020 11 13
중요증서 시스템 개편 및 업무프로세스 개선을 위한 제안 공고,2020 11 13
K CASH(전자화폐) 서비스 사전종료 안내,2020 11 12
대전지역화폐 온통대전 부가서비스 약관 제정 안내,2020 11 12
일시중단 물품대금결제공동업무 서비스 일시 중단 안내,2020 11 11
계좌통합관리서비스 이용약관 개정 안내,2020 11 10
전자금융 관련 약관 개정 안내,2020 11 10
하나·핀테크 New Biz 아이디어 공모전 안내,2020 11 10
신상품 언제나 청춘 정기예금 출시 안내,2020 11 10
신상품 하나 일리있는 적금 출시 안내,2020 11 09
일시중단 한국전자인증 인증서 업무 일시중단 안내  ,2020 11 06
일시중단 시티은행 금융거래 일시중단 안내,2020 11 06
일시중단 HSBC은행 전자금융공동망 업무 일시중단 안내,2020 11 06
국외 건전성충당금 시스템 개선 업체 선정을 위한 공고,2020 11 05
하이로보 영업점 하이로보 펀드 신규 및 리밸런싱 거래 중지 안내,2020 11 04
도전365적금 우대금리 변경 안내,2020 10 30
점외자동화코너 일괄용역 운영사업자 업체선정 공고,2020 10 30
2020년 3분기 하나은행 민원 건수 공시,2020 10 30
주택도시기금 디딤돌 대출 등 주택구입자금 대출금리 인하 안내,2020 10 30
국외점포 TR(거래정보저장소) 보고시스템 개발 사업을 위한 재공고,2020 10 27
신상품 펫사랑 적금 출시 안내,2020 10 27
새로운 하나원큐 FaceID 이용 등록 안내,2020 10 22
일시중단 NH투자증권 금융거래 일시중단 안내,2020 10 22
Yes Prime SOHO Loan 상품명 및 대출한도 개정 안내,2020 10 21
수신상품 금리변경 안내,2020 10 20
일시중단 원큐페이 서비스 금융결제원 시스템 정비에 따른 일시중단 안내,2020 10 20
국외점포 TR(거래정보저장소) 보고시스템 개발 사업을 위한 공고,2020 10 19
햇살론17(위탁보증) 대출한도 확대 안내,2020 10 19
일시중단 전자금융공동망 업무 일시중단 안내,2020 10 15
일시중단 공인인증서비스 일시중단 안내,2020 10 15
퇴직연금 수익률 관리 시스템 구축을 위한 제안 재공고,2020 10 13
영업점 통합 및 이전 안내,2020 10 08
일시중단 BNP파리바은행 전자금융공동망 업무 일시중단 안내,2020 10 08
전자금융기반시설 및 공개용 웹 취약점 분석∙평가 제안 공고,2020 10 08
당첨 안내새로운 하나원큐 하나의 선택역대급 경품이벤트 당첨자 안내,2020 10 08
하나원큐신용대출 개정 안내,2020 10 08
텍스트 분석(Text Analysis: TA) 시스템 구축을 위한 제안 재공고,2020 10 07
에스크로 시스템 리뉴얼을 위한 제안 재공고,2020 10 07
통합금고시스템 및 데이터3법 대응을 위한 개인정보보호 관리체계 인증 추진을 위한 제안 공고,2020 10 06
결제성 상품 약관 13종 개정 안내,2020 10 05
결제성 약관(무보증구매론 관련 2종) 신규 제정 안내,2020 10 05
공지 새로운 하나원큐 OPEN 기념 이벤트 당첨자 추첨 라이브 방송 안내 ,2020 10 05
공지 하나멤버스 시스템 이전에 따른 서비스 이용제한 안내,2020 09 29
GLN 서비스 이용약관 및 서비스 설명서 개정 안내,2020 09 29
일시중단 국가간 공동망 일시중단 안내,2020 09 29
일시중단 OTP 업무 일시중단 안내,2020 09 28
퇴직연금 수익률 관리 시스템 구축을 위한 제안 공고,2020 09 25
영업점 통합 및 이전 안내,2020 09 25
전자어음거래 약관 변경 안내,2020 09 25
일시중단 국민은행 금융거래 일시중단 안내,2020 09 24
텍스트 분석(Text Analysis TA) 시스템 구축을 위한 제안 공고,2020 09 23
에스크로 시스템 리뉴얼을 위한 제안 공고,2020 09 22
행복연금대출 및 하나원큐연금대출 추가약정서 제정 안내,2020 09 22
행복연금대출 개정 안내,2020 09 22
비대면 실명확인 신분증 인식 솔루션 도입 업체 선정을 위한 공고,2020 09 21
수신상품 5종 특약 변경 안내,2020 09 21
스마트ARS 서비스 채널 증설 및 기능 추가를 위한 제안 재공고,2020 09 18
일시중단 키움증권 재해복구훈련 실시로 인한 서비스 일시중단 안내,2020 09 17
검사정보시스템 구축(DT) 프로젝트(모형 개발 및 시스템 개선방안(컨설팅) 부문) 업체 선정을 위한 제안 공고,2020 09 17
검사정보시스템 구축(DT) 프로젝트(검사업무 개발)를 위한 제안 공고,2020 09 17
재안내 일시중단 일임형ISA 일부 업무 일시 중단 안내,2020 09 17
일시중단 출국정보 조회서비스 일시중단 안내,2020 09 16
하나 행복지킴이 통장 특약 변경 안내,2020 09 10
100년 행복연구센터 100년 행복 금퇴족이 사는 법 발간,2020 09 10
일시중단 일임형ISA 일부 업무 일시 중단 안내,2020 09 10
스마트ARS 서비스 채널 증설 및 기능 추가를 위한 제안 공고,2020 09 10
글로벌페이스마트카드 이용약관 개정 안내,2020 09 10
일시중단 금융결제원 시스템 정비에 따른 원큐페이 서비스 일시중단 안내,2020 09 10
내부통제혁신을 위한 PMS 기능 강화 사업 업체 선정을 위한 재공고,2020 09 10
통합금고시스템 구축용 망연계 솔루션 선정을 위한 공고,2020 09 09
일시중단 한국투자증권 시스템 정비에 따른 일시 중단 안내,2020 09 08
한국장학재단 학자금대출 전용상품 판매중지 재안내,2020 09 04
서울,경기
일시중단 하나카드 업무 일시중단 안내,2020 09 03
내부통제혁신을 위한 PMS 기능 강화 사업 업체 선정을 위한 공고,2020 09 02
일시중단 건강보험공단 서비스 일시중단 안내,2020 08 28
하나원큐 사잇돌대출 추가약정서 제정 안내,2020 08 28
뱅크월렛 서비스 사전종료 안내,2020 08 28
소상공인전환대출 희망리턴패키지 판매중지 재안내,2020 08 28
일임형ISA 비대면 업무 거래 재개 안내,2020 08 28
고객센터 e여신업무 수탁사 선정을 위한 입찰 공고,2020 08 27
외화서비스 하나통장 약관 개정 안내,2020 08 27
스마트창구 시스템 고도화를 위한 제안 재공고,2020 08 25
통합위기상황분석 개선 사업을 위한 제안 재공고,2020 08 21
My 브랜치 사업을 위한 제안 재공고,2020 08 21
예적금 상품 가입자를 위한 보험 제휴서비스 보험사 선정 재공고,2020 08 20
일임형 개인종합자산관리계좌(ISA) 계약서 개정 안내,2020 08 20
완전판매를 위한 대면녹취시스템 고도화를 위한 제안 재공고,2020 08 19
장기 미사용계좌에 대한 거래중지계좌 편입 사전통지 안내(2020년 3분기),2020 08 19
스마트창구 시스템 고도화를 위한 제안 공고 ,2020 08 14
2020~2021년 하나은행 UI/UX 운영업체 재선정을 위한 제안 공고 ,2020 08 14
신상품 손님케어 적금 출시 안내,2020 08 14
My 브랜치 구축 업체 선정을 위한 제안 공고,2020 08 13
통합위기상황분석 개선 사업을 위한 제안 공고,2020 08 12
(예적금 상품 가입자를 위한) 보험 제휴서비스 보험사 선정 공고,2020 08 12
새로운 하나원큐가 출시되었습니다.,2020 08 12
하나원큐 앱 이용약관 및 돈통 이용약관 제정 안내,2020 08 12
비대면 신탁거래 개발을 위한 제안 재공고,2020 08 10
비대면 신탁거래 영상통화시스템 구축을 위한 제안 재공고,2020 08 10
주택도시기금 전세자금대출 일부 금리인하 및 청년버팀목 대상 지원 확대 안내,2020 08 10
완전판매를 위한 대면녹취시스템 고도화를 위한 제안 공고,2020 08 07
일시중단 씨티은행 오픈뱅킹 서비스 일시중단 안내,2020 08 07
GLN 등록금 수납서비스 개발을 위한 제안 재공고,2020 08 05
2020년 2분기 하나은행 민원 건수 공시,2020 07 31
원큐페이 서비스 이용약관 개정 안내,2020 07 31
도전365적금 우대금리 변경 및 우대금리 항목 신설 안내,2020 07 30
비대면 신탁거래 영상통화시스템 구축을 위한 제안 공고,2020 07 30
비대면 신탁거래 개발을 위한 제안 공고,2020 07 30
퇴직연금 다이렉트 서비스 약정서 및 이용약관 제정 안내,2020 07 27
2020년 상반기 제휴적금 판매에 따른 제휴처 안내,2020 06 29
GLN 등록금 수납서비스 개발을 위한 제안 공고,2020 07 27
온라인 피드백시스템 구축을 위한 제안 재공고,2020 07 27
대외회선스위치 시스템 기능 개선을 위한 제안 재공고,2020 07 24
지수플러스정기예금(ELD) 471차 판매안내,2020 07 22
금융주소 한번에 서비스 종료 안내,2020 07 17
일시중단 대구은행 금융거래 일시중단 안내,2020 07 17
일시중단 과거거래내역 조회 서비스 일시중단 안내,2020 07 16
온라인 피드백시스템 구축을 위한 제안 공고,2020 07 16
삼성페이 간편은행 앱 HAI뱅킹 서비스 종료 사전 안내,2020 07 15
대외회선스위치 시스템 기능 개선을 위한 제안 공고,2020 07 15
하나금융경영연구소 홈페이지 구축을 위한 제안 재공고,2020 07 15
주거래 제도 변경 사전 안내 ,2020 07 14
하나알리미가 새로운 하나 원큐로 업그레이드 됩니다.,2020 07 13
쿠폰몰 서비스 이용약관 개정 안내,2020 07 13
전세자금대출 추가약정서 제정 안내,2020 07 10
하나페이 서비스 이용약관 개정 안내,2020 07 10
외화예금거래기본약관 개정 안내,2020 07 09
개인형IRP 1년 확정금리 2.2% 자유적립식 상품 출시,2020 07 06
내부통제 오토콜 시스템 구축을 위한 제안 재공고,2020 07 02
하나금융경영연구소 홈페이지 구축을 위한 제안 공고,2020 07 02
수신상품 중도해지금리 변경 안내,2020 06 30
수신상품 금리 변경 안내,2020 06 30
신탁 완전판매 프로세스 개발을 위한 제안 재공고,2020 06 26
신탁보수율 변경에 따른 약관 및 계약서 22종 개정 안내,2020 06 26
국외점포 대출상환 유예처리 프로젝트 개발을 위한 제안 재공고,2020 06 26
평창 쿠폰몰 고도화 추가 개발을 위한 제안 재공고,2020 06 26
외국환거래추가약정서(전자적무역결제금융 거래용) 개정 안내,2020 06 25
빅데이터 머신러닝모델 운영 환경 구축을 위한 제안 재공고,2020 06 25
에스크로 특정금전신탁 계약서 7종 개정 안내,2020 06 25
일시중단 카카오뱅크 금융거래 일시중단 안내,2020 06 25
일시중단 카카오뱅크, SC제일은행 오픈뱅킹 서비스 일시중단 안내
내부통제 오토콜 시스템 구축을 위한 제안 공고,2020 06 23
장기 미사용계좌에 대한 거래중지계좌 정기 편입 안내(2020년 2분기),2020 06 22
수신상품 판매중단 안내,2020 06 22
일시중단 출국정보 조회서비스 일시중단 안내,2020 06 19
전사EA관리 시스템 고도화를 위한 제안 재공고,2020 06 19
제28회 하나은행 자연사랑 어린이 미술대회 안내,2020 06 18
하나 소호마스터스 상가담보대출 포함 총 16개 기업여신상품 폐지 안내,2020 06 18
국외점포 대출상환 유예처리 프로젝트 개발을 위한 제안 공고,2020 06 17
비대면 외국환 신고(수리) 상담채널 구축을 위한 제안 재공고,2020 06 17
일시중단 하나 원큐 홍채인증 일시중단 안내,2020 06 17
신탁 완전판매 프로세스 개발을 위한 제안 공고,2020 06 17
빅데이터 머신러닝모델 운영 환경 구축을 위한 제안 공고,2020 06 16
STM(Smart Teller Machine) 이용약관 개정 안내,2020 06 15
지수플러스 정기예금(ELD) 470차 판매안내,2020 06 12
일시중단 금융결제원 금융공동망 업무 일시중단 안내,2020 06 11
전사EA관리시스템 고도화를 위한 제안 공고,2020 06 10
타행이체 서비스 장애에 대한 사과 말씀 드립니다.,2020 06 05
비대면 외국환 신고(수리) 상담채널 구축을 위한 제안 공고,2020 06 05
하나멤버스론 서비스 종료 안내,2020 06 03
하나 웨스턴유니온 자동송금 거래약관 개정 안내,2020 06 02
하나 웨스턴유니온 위안화 Direct 송금 거래약관 개정 안내,2020 06 02
하나 웨스턴유니온 빠른송금 거래약관 개정 안내,2020 06 02
평창 쿠폰몰 고도화 추가 개발을 위한 제안 공고,2020 06 01
HANA EZ 오픈뱅킹 서비스 구축 업체 선정을 위한 재공고,2020 06 01
희망키움통장II 특약 변경 안내,2020 06 01
청년희망키움통장 특약 변경 안내,2020 06 01
일시중단 일임형ISA 비대면 일부 업무 일시 중단 안내,2020 05 27
대구, 경북지역 손님 비대면 채널 수수료 면제 종료
일시중단 저축은행중앙회 업무 일시중단 안내,2020 05 22
무역기반 이상거래 방지시스템(Anti TBML) 구축 프로젝트 추진을 위한 제안 공고,2020 05 21
easy–one 외화송금서비스 이용약관 개정 안내,2020 05 21
하나 ONE 해외송금서비스 이용약관 개정 안내,2020 05 21
하나 해외이주·유학 클럽 서비스 이용약관 개정 안내,2020 05 21
주문형 환율예약 서비스 약정서 개정 안내,2020 05 21
자동화기기를 이용한 외화송금서비스 이용약관 개정 안내,2020 05 21
글로벌페이스마트카드 이용약관 개정 안내,2020 05 21
Multi 환율예약 자동이체 서비스 이용약관 개정 안내,2020 05 21
Multi 환율예약 자동송금 서비스 이용약관 개정 안내,2020 05 21
Global On Line 서비스 이용약관 개정 안내,2020 05 21
1Q Transfer 해외송금서비스 이용약관 개정 안내,2020 05 21
1Q Just 송금 이용약관 개정 안내,2020 05 21
100년 행복연구센터 생애금융보고서 대한민국 퇴직자들이 사는 법 발간,2020 05 19
장기 미사용계좌에 대한 거래중지계좌 편입 사전통지 안내(20년 2분기),2020 05 19
HANA EZ 오픈뱅킹 서비스 구축 업체 선정을 위한 공고,2020 05 18
지수플러스정기예금(ELD) 469차 판매안내,2019 05 18
자동화기기를 이용한 무통장/무카드 서비스 및 ATM통장출금 서비스 이용약관 개정 안내,2020 05 15
일시중단  KB증권 및 이베스트투자증권 금융거래 일시중단 안내,2020 05 14
AMEX 여행자수표 판매종료,2020 05 14
e 플러스 통장 특약 변경 안내,2020 05 08
KEB하나 국민연금 안심(安心)통장 특약 변경 안내,2020 05 07
하나은행 영업점의 하나카드 업무처리 비대면 전환 안내,2020 05 04
KEB하나 희망지킴이통장 특약 변경 안내,2020 05 04
KEB하나 행복지킴이통장 특약 변경 안내,2020 05 04
KEB하나 퇴직공제금 지킴이통장 특약 변경 안내,2020 05 04
희망키움통장, 내일키움통장 특약 변경 안내
2020년 1분기 하나은행 민원 건수 공시,2020 04 29
가계대출 모집 위탁 법인 선정(기간연장)을 위한 공고,2020 04 29
수신상품 금리 변경 안내,2020 04 29
하나 바이오인증 서비스 이용약관 개정 안내,2020 04 28
외상매출채권 및 전자채권 만기 단축 안내,2020 04 28
동일고객식별 정보시스템 개발을 위한 제안 재공고,2020 04 28
전자어음 만기 단축 안내(최장 만기 4개월),2020 04 28
퇴직연금 운용관리약관 개정 안내,2020 04 28
하나 금리고정형적격대출, 하나 유동화적격모기지론 판매중지 안내
계좌이동서비스 이용약관 변경 안내,2020 04 24
KEB하나 공무원연금 평생안심통장 특약 변경 안내,2020 04 23
KEB하나 군인연금 평생안심통장 특약 변경 안내,2020 04 23
일시중단 삼성증권 전자금융공동망 업무 일시중단 안내,2020 04 23
연금계좌 온라인 해지, 연금개시 구축 프로젝트를 위한 제안 재공고
가계대출 모집 위탁 법인 선정을 위한 공고,2020 04 17
이미지 전송 암호화 솔루션 구축을 위한 제안 공고,2020 04 16
일시중단 오픈뱅킹 서비스 일시중단 안내,2020 04 14
동일고객식별 정보시스템 개발을 위한 제안 공고,2020 04 14
KEB하나 장병내일준비 적금 특약 변경 안내,2020 04 14
KEB하나 아동수당 적금 특약 변경 안내,2020 04 14
영업점 통합 및 이전 안내,2020 04 13
뱅크월렛 서비스 이용약관 개정 안내 ,2020 04 13
대구, 경북지역 손님 비대면 채널 수수료 면제 안내
연금계좌 온라인 해지, 연금개시 구축 프로젝트를 위한 제안 공고
일시중단 한국투자증권 시스템 정비에 따른 일시 중단 안내,2020 04 07
Windows OS 단말 권한 관리시스템 구축을 위한 제안 공고,2020 04 06
머신러닝 모형 활용 변수Pool 구축 및 자동화 추진을 위한 제안 공고,2020 04 06
수신상품 판매중단 안내,2020 04 03
라임 사이버 문화센터 온라인/모바일 무료교육 서비스 종료 안내,2020 04 01
통합금고시스템 구축 프로젝트 외부 감리업체 선정을 위한 제안 공고,2020 04 01
은행권영세 소상공인 이차보전 대출지원안내,2020 03 31
아파트관리비 수납대행 계약서 이용약관 개정 안내,2020 03 27
증권저축계좌 특약 개정 안내 ,2020 03 27
쿠폰몰 서비스 이용약관 개정 안내 ,2020 03 26
대여금고 이용약관 개정 안내,2020 03 26
외화등록금 수납대행 계약서(외화가상계좌용) 이용약관 개정 안내,2020 03 26
안전서비스 통장 거래 약정서 이용약관 개정 안내,2020 03 26
보호예수 이용약관 개정 안내,2020 03 26
대학등록금 수납대행 계약서(가상계좌용) 이용약관 개정 안내,2020 03 26
일시중단 오픈뱅킹 서비스 일시중단 안내,2020 03 23
장기 미사용계좌에 대한 거래중지계좌 정기 편입 안내(20년 1분기),2020 03 23
사업자우대 신용대출 포함 총 8개 기업여신상품 판매중지 안내,2020 03 23
전자금융사기 예방서비스 이용제외 추가 약정서 개정 안내,2020 03 23
e 플러스통장 우대금리 변경 안내,2020 03 20
글로벌 정보보호 관리 체계 구축 업체 선정을 위한 공고,2020 03 18
KEB하나 케어신탁 계약서 약관 개정 안내,2020 03 17
일시중단 온라인 신용대출 신청 일시 중단 안내,2020 03 13
미래행복통장특약 변경 안내,2020 03 13
일시중단 대외 연계 네트워크 장비 운영 안정화 작업에 따른 금융거래 일시 중단 안내,2020 03 12
코로나 안내 문자를 이용한 보이스피싱 예방법,2020 03 10
일시중단 수협은행 금융거래 일시중단 안내,2020 03 10
Hana EZ 서비스 이용약관 개정 안내,2020 03 09
오픈뱅킹서비스 이용약관 개정 안내,2020 03 06
개인종합자산관리계좌(ISA) 가입요건 부적격 통보 및 가입유형 전환 안내,2020 03 06
영업점 통합 및 이전 안내,2020 03 06
글로벌 차세대 GDW구축에 따른 RMS시스템 적용 프로젝트를 위한 제안 공고 ,2020 03 03
전자구매시스템 업그레이드를 위한 제안 재공고,2020 03 03
통합금고시스템 구축 프로젝트 추진을 위한 제안 공고,2020 03 03
 오픈뱅킹공동업무 금융정보조회, 금융기관 공동 제로페이서비스
전화번호이체 및 하나 알리미 서비스 이용약관 개정 안내,2020 02 25
장기 미사용계좌에 대한 거래중지계좌 편입 사전통지 안내(20년 1분기),2020 02 20
수익증권저축약관 개정 안내,2020 02 20
전자구매시스템 업그레이드를 위한 제안 공고,2020 02 18
휴면예금의 출연 예정 안내,2019 02 14
일시중단 BNK 투자증권 전자금융공동망 업무 일시중단 안내,2020 02 13
2020 하나은행 어린이 경제뮤지컬 대행사 선정 공고,2020 02 13
제 28회 하나은행 자연사랑 어린이 미술대회 대행사 선정 공고,2020 02 13
일시중단 전자금융채널 네트워크 운영안정화에 따른 금융거래 일시중단 안내,2020 02 11
글로벌 정보보호 관리 체계 구축 업체 선정을 위한 입찰 공고 ,2020 02 03
글로벌 차세대시스템 네트워크 보안장비 도입을 위한 제안 공고,2020 02 03
적격대출 상품 재판매 안내,2020 02 03
주택청약시스템 전산관리지정기관 변경 안내,2020 02 03
하나 더적금 특판시행 안내,2020 02 03
신상품 영하나플러스 통장 출시 안내,2020 02 03
수출e 구매론 추가약정서(구매기업용), 수출e 구매론 이용약정서(판매기업용) 제정 안내
2019년 4분기 KEB하나은행 민원 건수 공시,2020 01 31
일시중단 주택청약시스템 운영기관 변경에 따른 주택청약계좌 금융거래 일시 중단 안내,2020 01 31
(스포츠) 팬사랑 적금 특약 변경 안내,2020 01 31
Young하나 통장 판매중단 안내,2020 01 31
영업점 통합 및 이전 안내,2020 01 22
전세자금대출 추가약정서 제정 안내,2020 01 20
영업점 통합 및 이전 안내,2020 01 17
일시중단 메리츠종금증권/뱅크오브아메리카  업무 일시중단 안내,2020 01 16
일시중단 저축은행중앙회 금융거래 일시중단 안내,2020 01 16
자산건전성/성과평가 EL 시스템 재구축을 위한 제안 공고,2020 01 13
일시중단 교보증권 금융공동망 업무 일시중단 안내,2020 01 10
영업점 통합 및 이전 안내,2020 01 10
일시중단 수협은행 금융거래 일시중단 안내,2020 01 09
대포통장 명의인에 대한 금융거래 제한 확대 시행 안내,2020 01 08
스마트폰 화이트박스 솔루션 구축을 위한 제안 공고,2020 01 07
영업점 통합 및 이전 안내,2020 01 03
가가호호담보대출(MCI) 재판매 안내,2020 01 02
일시중단 출국정보 조회서비스 일시중단 안내,2019 12 30
비과세종합저축 특약 변경 안내,2019 12 30
2020년 미래설계를 위한 행복knowhow  겨울호를 확인해보세요.,2019 12 27
하이투자증권과의 증권계좌 제휴서비스 종료 안내,2019 12 27
영업점 통합 및 이전 안내,2019 12 24
글로벌 계좌이체/다이렉트 서비스 종료 안내,2019 12 23
장기 미사용계좌에 대한 거래중지계좌 정기 편입 안내(2019년 4분기),2019 12 23
급여하나월복리적금 특약 변경 안내,2019 12 20
KEB하나은행 사칭 해킹 이메일 주의,2019 12 20
금연성공 적금 판매 안내,2019 12 20
영업점 통합 및 이전 안내,2019 12 20
일시중단 유안타증권/DB금융투자 업무 일시중단 안내,2019 12 19
신상품 하나 원큐 정기예금 출시 안내,2019 12 18
2019년 하반기 제휴적금 판매에 따른 제휴처 안내,2019 12 18
KEB하나은행 영하나 마케팅크루 대행사 입찰 공고,2019 12 13
구 eFiall 사이트 내 FI Service 메뉴 서비스 중단 안내,2019 12 13
일시중단 오픈뱅킹 서비스 일시중단 안내(2019.12.14(토) 23:50 ~ 2019.12.15(일)03:00),2019 12 12
일시중단 출국정보 조회서비스 일시중단 안내,2019 12 12
영업점 통합 및 이전 안내,2019 12 11
일시중단 오픈뱅킹 서비스 일시중단 안내,2019 12 04
함께하는 사랑 통장, 함께하는 사랑 적금 특약 변경 안내
장기미거래 신탁의 확인 및 수령방법 안내,2019 12 02
바보의 나눔 통장, 바보의 나눔 적금 특약 변경 안내
영업점 통합 및 이전 안내,2019 11 25
장기 미사용계좌에 대한 거래중지계좌 편입 사전통지 안내(19년 4분기),2019 11 22
신용대출 7종 판매중지 안내,2019 11 20
일시중단 출국정보 조회서비스 일시중단 안내,2019 11 20
오픈뱅킹서비스 이용약관 개정 안내,2019 11 18
하나 원큐 적금 특약 변경 안내,2019 11 18
숨은 금융자산 찾기 캠페인 실시 안내,2019 11 15
일시중단 한화투자증권 금융공동망 업무 일시중단 안내,2019 11 14
특판 정기예금 판매 안내,2019 11 11
가가호호담보대출(MCI) 판매중지 안내,2019 11 01
장기푸른기업대출 포함 총 7개 기업여신상품 판매중지 및 폐지 안내,2019 11 01
내일키움통장 특약 변경 안내,2019 11 01
희망키움통장II 특약 변경 안내,2019 11 01
희망키움통장 특약 변경 안내,2019 11 01
은행여신거래기본약관(가계용), 대출거래약정서(가계용) 개정 안내
영업점 통합 및 이전 안내,2019 11 01
외화(원화)예금 자동대체서비스 이용약관 개정안내,2019 10 31
2019년 3분기 KEB하나은행 민원 건수 공시,2019 10 31
일시중단 금융결제원 재해복구 훈련으로 인한 업무 일시 중단 안내,2019 10 31
일시중단 물품대금결제공동업무(주류구매),2019 10 31
오픈뱅킹서비스 이용약관 제정 안내,2019 10 29
예금주명이 부기명 또는 부기명 + 예금주 로 표시계좌 전환등록 안내,2019 10 28
바꿔드림론(자영업자 바꿔드림론 포함) 및 안전망대출 판매중지 안내,2019 10 25
적격대출 상품 판매중지 안내,2019 10 24
제14기 하나금융그룹 SMART홍보대사 모집,2019 10 24
일시중단 한국투자증권 시스템 정비에 따른 일시 중단 안내,2019 10 21
자동화기기를 이용한 무통장/무카드 서비스 및 ATM통장출금 서비스 이용약관 개정 안내,2019 10 20
일시중단 금융결제원 공동망업무 일시 중단 안내,2019 10 17
미래설계를 위한 행복knowhow가을호를 확인해보세요.,2019 10 17
신상품 평생 군인 적금 출시 안내,2019 10 11
계좌통합관리서비스 이용약관 개정 안내,2019 10 10
금융결제원 장비교체로 인한 업무 일시 중단 안내,2019 10 08
수신상품 금리 변경 안내,2019 10 02
지방세 전자송달 서비스 이용약관 개정 안내,2019 09 30
수신상품 판매중단 안내,2019 09 30
주택도시기금 대출절차 간소화 및 자산심사 도입 안내,2019 09 26
서비스 지연 및 접속 장애에 대한 사과말씀 드립니다.,2019 09 26
하나원큐 스마트폰뱅킹 접속 지연 안내,2019 09 25
나이스샷 골프적금 이벤트 실시 안내,2019 09 24
하나은행 근로자 파견사업주 선정 용역 입찰 공고,2021 01 25
오픈뱅킹공동업무 금융정보조회 약관 개정 안내,2019 09 24
장기 미사용계좌에 대한 거래중지계좌 정기 편입 안내(2019년 3분기),2019 09 23
일시중단 전자금융공동망 업무 일시 중단 안내,2019 09 19
영업점 통합 안내,2019 09 19
KEB하나은행 소셜미디어 채널 운영 업체 선정 공고,2019 09 17
외화 양도성예금증서(통장식) 특약 개정안내,2019 09 16
사채원리금지급대행계약서 변경,2019 09 16
양도성예금증서(CD) 특약 변경,2019 09 16
소매 신용평가시스템 개선프로젝트를 위한 제안 공고,2019 09 16
수신상품 판매중단 안내,2019 09 11
대출금리체계 개편관련 컨설팅 업체 선정 재공고,2019 09 09
전자금융기반시설 및 공개용 웹 취약점 분석·평가 및 ISO27001 인증 지원 제안 재공고,2019 09 09
개인종합자산관리계좌(ISA) 가입요건 부적격 통보 및 가입유형 전환 안내,2019 09 05
서민형 안심전환대출 출시 사전 안내,2019 09 03
수입신용장(내국신용장 포함) 관련 최저요금 변경사항  안내,2019 09 02
하나 더적금 특약 변경 안내,2019 09 02
제휴적금 특약 변경 안내,2019 09 02
대출금리체계 개편관련 컨설팅 업체 선정 공고,2019 08 30
전자금융기반시설 및 공개용 웹 취약점 분석·평가 및 ISO27001 인증 지원 제안 공고,2019 08 29
하나머니세상정기예금·하나머니세상적금 특약 변경 안내,2019 08 29
신상품 마이트립(My Trip) 적금 3종 출시 안내,2019 08 28
KEB하나은행 2019년도 하반기 인재채용 대행 용역 입찰 공고     ,2019 08 14
전세자금대출(주택도시보증공사 보증) 권리보험사 선정 공고,2019 08 13
해외지불대행사 제휴 정산 계약서 약관 변경 안내,2019 08 01
2019년 2분기 KEB하나은행 민원 건수 공시,2019 07 31
손님여정 분석을 통한 디지털 경험 혁신 컨설팅 업체 선정 입찰 공고,2019 07 30
T OTP 이용중단 안내,2019 07 26
수신상품 금리 변경 안내,2019 07 26
예금거래기본약관 변경 안내,2019 07 26
영업점 통합 안내,2019 07 26
동반성장론 (서울시농수산식품공사 및 협력기업) 약관 제정 안내,2019 07 25
KEB하나 편한 대출 및 하나핀크 비상금대출 판매중지 안내 ,2019 07 19
수신상품 금리변경 안내,2019 07 15
신잔액기준코픽스 기준금리 신설안내,2019 07 15
수신상품 금리변경 안내,2019 07 12
특판정기예금 특약 변경 안내,2019 07 12
영업점 통합 안내,2019 07 12
2019년 하반기 KEB하나은행 영업추진 전략회의 대행사 선정 공고,2019 07 10
인터넷 외환거래 예약서비스 이용약관 개정약관 시행일 변경 안내,2019 07 10
기업 전자금융서비스 이용약관 개정 안내,2019 07 01
KEB하나은행 개인뱅킹 채널 사이버 환전서비스 개편 안내,2019 07 01
신상품 KEB하나 군인연금평생안심통장 출시 안내,2019 07 01
전자방식 외상매출채권 결제제도 관련 약관 개정 안내 ,2019 06 28
2019년 상반기 제휴적금 판매에 따른 제휴처 안내,2019 06 28
행복Together 적금 특약 변경 안내,2019 06 28
오늘은 얼마니? 적금 특약 변경 안내,2019 06 28
KEB하나 대전사랑 푸른음악회 개최 안내,2019 06 20
KEB하나 장병내일준비적금 의 변경 안내,2019 06 20
장기 미사용계좌에 대한 거래중지계좌 정기 편입 안내(2019년 2분기),2019 06 17
Easy one 외화송금서비스 이용약관 개정 안내,2019 06 17
인터넷 외환거래 예약서비스 이용약관 및 상품설명서 개정 안내,2019 06 13
일시중단 카카오뱅크 금융거래 일시 중단 안내,2019 06 13
일시중단 금융결제원 업무 일시 중단 안내,2019 06 13
청년희망키움통장 특약 변경 안내,2019 06 13
법제화된 금리인하 요구 제도 시행 안내,2019 06 12
보훈대상자 은행휴무일 주차장 무료이용 안내,2019 06 12
KEB하나은행 2019년도 상반기 채용연계 인턴십 용역 입찰 공고,2019 06 07
수신상품 판매중단 안내,2019 06 07
디지털예산회계시스템(dBrain) 백업시스템 가동훈련에 따른 국세서비스 일시 중단 안내,2019 06 05
터키 리라화(TRY) 현찰매매율 고시중단 안내,2019 06 05
KEB하나은행을 사칭한 대출빙자형 보이스피싱 주의,2019 06 05
신상품 KEB하나 아동수당 적금 출시 안내,2019 06 03
수신 관련 원화수수료 변경 안내,2019 05 31
청년 우대형 주택청약종합저축 비과세 요건 확정 안내,2019 05 31
수신상품 금리변경 안내,2019 05 31
전자방식 외상매출채권 결제제도 관련 약관 개정 안내,2019 05 30
KEB하나 청년월세론 추가약정서 제정 안내,2019 05 27
외화수퍼플러스 특약 변경 안내,2019 05 23
금융결제원 공동망 업무 일시중단 안내,2019 05 23
2019 KEB하나 대전사랑 푸른음악회(가칭) 선정 공고,2019 05 22
무역기반 이상거래 방지 시스템 도입을 위한 컨설팅 입찰 공고,2019 05 22
영업점 통합 및 이전 안내,2019 05 22
디지털 고객관리 개발 컨설팅 업체 선정 입찰 공고 ,2019 05 17
급여/연금/주거래 하나월복리적금 특약 변경 안내,2019 05 17
금융감독원 주관 보이스피싱 피해 예방 홍보영상 안내,2019 05 16
장기 미사용계좌에 대한 거래중지계좌 편입 사전통지 안내(2019년 2분기),2019 05 16
추가약정서(가계형소호 기업대출용) 변경 안내  ,2019 05 15
제13기 하나금융그룹 SMART홍보대사 모집,2019 05 09
제 27회 KEB하나은행 자연사랑 어린이 미술대회 안내,2019 05 09
2019년도 KEB하나은행 가전기기 연간 단가계약 구매업체 선정 공고,2019 05 03
신상품 하나 원큐 적금 출시 안내,2019 05 02
KEB하나 금리조정형 적격대출 판매중지 안내,2019 04 30
KDB 산업은행 차세대시스템 오픈 관련 금융거래 일시중단 안내,2019 04 30
2019년 1분기 KEB하나은행 민원 건수 공시,2019 04 29
전자방식 외상매출채권 결제제도 등 약관 개정 안내(채권 만기일 단축),2019 04 29
전자어음 만기단축 시행 안내 (최장만기 5개월),2019 04 29
을지로 본점 스마트오피스의 운영성과분석 및 고도화 추진 컨설팅업체 선정 공고,2019 04 29
자금관리서비스 신규 이용등록 중단 안내,2019 04 26
무통장·무인감 계좌이체서비스 신규 이용등록 중단 안내,2019 04 26
하나 이자안전지대론 판매중지 안내,2019 04 17
중도상환수수료율 변경 안내,2019 04 16
KEB하나 장병내일준비 적금 특약 변경 안내,2019 04 15
신상품 (내맘)적금 출시 안내 ,2019 04 15
영업점 통합 및 이전 안내,2019 04 12
2채널 인증서비스 종료 안내,2019 04 04
계좌통합관리서비스 이용약관 개정안내,2019 04 03
전자금융채널 시스템 운영안정화에 따른 금융거래 일시 중단 안내,2019 04 03
외화(원화)예금 자동대체서비스 이용약관 개정안내,2019 04 03
1Q 환율, 고객상담
거래중단 외국통화 안내,2019 04 01
2019 KEB하나은행 어린이날 초청행사 대행사 선정 재공고,2019 03 28
영업점 통합 및 이전 안내,2019 03 26
전자금융채널 시스템 운영안정화에 따른 금융거래 일시 중단 안내,2019 03 22
퇴직연금 비대면채널 개선을 위한 제안 재공고,2019 03 22
2019 KEB하나은행 어린이날 초청행사 대행사 선정 공고 ,2019 03 21
환전클럽 서비스 종료 안내,2019 03 21
Hana Global Festival 2019 대행사 입찰 공고,2019 03 20
입출금 Push 알림서비스 일시중단 안내,2019 03 20
전자금융채널 시스템 운영안정화에 따른 금융거래 일시 중단 안내,2019 03 20
상조회사 ㈜삼성개발 소비자피해보상금(예치금) 지급안내,2019 03 19
추가약정서(월상환액 고정형 주택담보대출용) 제정 안내,2019 03 18
추가약정서(금리상한 주택담보대출 전환용) 제정 안내,2019 03 18
비대면 채널 여행자보험 서비스 중지 안내 ,2019 03 18
신상품 제휴적금 출시 안내,2019 03 18
장기 미사용계좌에 대한 거래중지계좌 정기 편입 안내(2019년 1분기),2019 03 15
신상품 하나 더적금 판매 안내,2019 03 12
급여하나 통장, 연금하나 통장
개인종합자산관리계좌(ISA) 가입요건 부적격 통보 및 가입유형 전환안내,2019 03 05
기업/산업정보서비스 도입 제안 공고,2019 03 04
함께하는 사랑 통장, 함께하는 사랑 적금 특약 변경 안내
KEB하나 행복지킴이 통장 특약 변경 안내,2019 02 28
특판정기예금 판매 안내,2019 02 28
상조회사 효성상조㈜ 소비자피해보상금(예치금) 지급안내,2019 02 28
스튜어드십 코드 시행 안내,2019 02 26
상품광고를 위한 디지털 상품광고 대행사 선정 제안 공고,2019 02 21
영업점 통합 및 이전 안내,2019 02 18
장기 미사용계좌에 대한 거래중지계좌 편입 사전통지 안내,2019 02 15
일시정지 글로벌 페이(Paypal송금) 서비스 제한 안내,2019 02 14
전자금융채널 시스템 운영안정화에 따른 금융거래 일시 중단 안내,2019 02 14
황금드림 정기예금 특약 변경 안내,2019 02 11
추가약정서(가계대출 금리감면용) 개정 안내,2019 02 01
상조회사 ㈜그린상조이행 소비자피해보상금(예치금) 지급안내,2019 02 01
FX거래(원화와 다른 외국통화간의 매매거래) 시간대별 거래가능금액 변경 안내,2019 01 31
새희망근로적금 판매중단 안내,2019 01 31
2018년 4분기 KEB하나은행 민원 건수 공시,2019 01 29
급여하나 월복리 적금 특약 변경 안내,2019 01 29
2019 KEB 하나은행 경제뮤지컬 대행사 선정 공고,2019 01 29
제 27회 KEB하나은행 자연사랑 어린이 미술대회 대행사 선정 공고,2019 01 29
KEB하나 삼성페이 서비스 이용약관 개정 안내,2019 01 25
신상품 하나 더적금 출시 안내,2019 01 24
휴면예금 출연 예정 안내,2019 01 24
자동계좌이체 약관 개정 안내,2019 01 24
전자금융서비스 이용약관 개정 안내,2019 01 18
일시중단 전자금융공동망 업무 일시중단 안내,2019 01 17
전자금융채널 시스템 운영안정화에 따른 금융거래 일시 중단 안내,2019 01 17
미래행복통장 특약 변경 예정 안내,2019 01 11
개인종합자산관리계좌(ISA) 특정금전신탁 계약서 개정 안내,2019 01 02
신상품  황금드림 정기예금  출시 안내,2019 01 02
청년 우대형 주택청약종합저축 약관 개정 및 가입요건 변경 안내,2018 12 31
서울시 지방세(세외수입) 및 상하수도 요금 온라인 납부서비스 일시중단 안내,2018 12 31
수신상품 금리변경 안내,2018 12 31
일임형 개인종합자산관리계좌(ISA) 약관 개정 안내,2018 12 28
주택도시기금 대출업무 시행세칙 개정안내(버팀목전세자금대출, 내집마련 디딤돌대출)
B2B전자결제업무 판매기업 약관 등 개정 안내(60일 초과이자 구매기업 부담 안내),2018 12 21
바보의나눔 통장, 바보의 나눔 적금 변경 안내
삼성페이플러그인앱 전자금융서비스 이용약관 개정,2018 12 20
상조회사 ㈜노블라이프 소비자피해보상금(예치금) 지급안내,2018 12 19
금융기관 공동 제로페이서비스 이용약관 제정 안내,2018 12 19
건설애 통장 특약 변경 안내,2018 12 19
장기 미사용계좌에 대한 거래중지계좌 정기 편입 안내(2018년 4분기),2018 12 14
추가약정서(가계형소호 기업대출용) 변경 안내,2018 12 14
함께하는 사랑 통장, 함께하는 사랑 적금
일임형 개인종합자산관리계좌(ISA) 약관 개정 안내,2018 12 12
공지 은행연합회 금융결제원 간 세금우대업무용 통신장비작업 안내,2018 12 11
인공지능 금융비서 HAI뱅킹 서비스 1QBank 오픈 (12월 10일) 안내,2018 12 10
서교동지점 이전에 따른 설계 및 시공업체 선정 경연재공고,2018 12 06
수신상품 금리 변경 안내  ,2018 12 06
추가약정서(가계대출 금리감면용) 개정 안내,2018 11 30
장기미거래 신탁의 확인 및 수령방법 안내,2018 11 28
하나금융그룹 및 KEB하나은행 통합광고대행사 선정 제안 요청 공고,2018 11 28
전산상시 감시 시스템 고도화를 위한 컨설팅 입찰 공고,2018 11 28
안내 블록체인 기술 기반의 새로운 인증서비스를 만나보세요 뱅크사인,2018 11 19
장기 미사용계좌에 대한 거래중지계좌 편입 사전통지 안내(2018년 4분기),2018 11 15
서교동지점 이전에 따른 설계 및 시공업체 선정 경연공고,2018 11 15
영업점 통합 안내,2018 11 08
디지털시대 이제는 보험도 스마트폰뱅킹으로 간편하게!,2018 11 07
2018년 서민금융 박람회 개최 안내,2018 11 06
일시중단 전자금융공동망 업무 일시중단 안내,2018 11 05
계좌간 (자동)이체 약관(확정기여형퇴직연금(DC)용) 개정 안내,2018 11 02
신용장 거래 SWIFT 전문 개정(2018/11/18)으로 인한 변경사항 및 거래 일시중단 안내,2018 11 02
수신상품 중도해지금리 변경 안내,2018 10 31
일시중단 문자/이메일/팩스 발송 일시 중단 안내,2018 10 31
수신상품 금리변경 안내,2018 10 30
제12기 하나금융그룹 SMART홍보대사 모집,2018 10 30
미수령 주식찾기 캠페인 시행 안내,2018 10 26
전자어음거래약관 변경 안내 (하도급법 등),2018 10 26
갤럭시 A8 Star 지문인증 서비스 이용불가 안내,2018 10 24
2018년 3분기 KEB하나은행 민원 건수 공시,2018 10 23
행복Together적금 및 두리하나적금 특약 변경 안내,2018 10 23
외국환 SWIFT시스템 개선 작업으로 인한 서비스 일시 중단 안내,2018 10 19
정보보호 관리체계(ISMS) 인증 지원 컨설팅을 위한 공고,2018 10 19
추가약정서(한국주택금융공사 주택저당채권 유동화목적 대출용) 개정 안내,2018 10 15
주류구매 MS카드 사용불가 및 IC카드 전환발급 안내,2018 10 12
수신상품 판매중단 안내,2018 10 05
일시중단 출국정보 조회서비스 일시중단 안내,2018 10 01
가계대출 추가약정서 5종 제정 안내,2018 10 01
보이스피싱 제로(Zero) 캠페인 실시 안내   그놈 목소리 3Go!,2018 10 01
여신거래약정서(기업용)외 2종 개정안내,2018 09 28
주택도시기금 대출업무 시행세칙 개정안내,2018 09 27
공개용 웹 및 전자금융기반시설 취약점 분석, 평가를 위한 입찰공고
지문정보 삭제 및 수집금지체계 구축을 위한 입찰 재공고,2018 09 27
 e 플러스 적금  특약 변경 안내,2018 09 21
KEB하나은행 위치기반서비스 이용약관 개정 안내,2018 09 19
장기 미사용계좌에 대한 거래중지계좌 정기 편입 안내(2018년 3분기),2018 09 14
신상품  급여/연금/주거래 통장 및 월복리적금  출시 안내,2018 09 14
수신상품 금리변경 안내,2018 09 14
나이스 샷 골프적금 특별 이벤트 안내,2018 09 13
영업점 통합 안내,2018 09 13
하나로 다 되는 하나 알리미 서비스 오픈 (9월 12일) 안내,2018 09 11
일시중단 출국정보 조회서비스 일시중단 안내,2018 09 11
KEB하나은행 SNS채널 운영 업체 선정 공고,2018 09 10
공무원연금수급권자대출 유의사항  변경 안내,2018 09 06
일시중단 인터넷뱅킹/모바일뱅킹(1Q Bank) 내 검색서비스 일시중단 안내,2018 09 05
손님 불편 제안 Festival 안내(2),2018 09 05
개인종합자산관리계좌(ISA) 가입요건 부적격 통보 및 가입유형 전환안내,2018 09 04
수신상품 금리 변경 안내,2018 09 03
개인연금신탁 및 신개인연금신탁 약관 변경 안내,2018 08 31
전자금융채널 시스템 운영안정화에 따른 금융거래 일시 중단 안내,2018 08 29
일시중단 인증시스템 안정화 작업에 따른 인증서비스 중단 안내,2018 08 29
상조회사 ㈜한양종합상조 소비자피해보상금(예치금) 지급안내,2018 08 29
버팀목전세자금대출 상환방식 개선 안내,2018 08 28
신상품  KEB하나 장병내일준비적금  출시 안내,2018 08 28
KEB하나은행 생활금융R&D센터 광고 컨텐츠 제작사 선정 재공고,2018 08 27
은행공동인증서비스(BankSign) 시행에 따른 이용 약관 제정 안내,2018 08 27
나라지킴이적금 판매중단 안내,2018 08 22
계좌통합관리서비스 이용약관 개정 안내,2018 08 21
장기 미사용계좌에 대한 거래중지계좌 편입 사전통지 안내,2018 08 20
KEB하나은행 생활금융R&D센터 광고 컨텐츠 제작사 선정 공고,2018 08 17
2018년 KEB하나은행 인재채용대행을 위한 입찰 제안 요청,2018 08 13
영업점 통합 안내,2018 08 13
KEB하나 행복지킴이 통장 특약 변경 안내,2018 08 13
시스템 개선 작업으로 인한 과거거래내역조회(과거 5년 이전거래) 서비스 일시중단 안내,2018 08 09
동일 수취인 앞 증빙서류 미제출 5만불 초과 송금 거래 제한 안내,2018 08 07
손님 불편 제안 Festival 안내,2018 08 06
전자금융채널 시스템 운영안정화에 따른 금융거래 일시 중단 안내 ,2018 08 03
일시중단 입출금 Push 알림서비스 일시중단 안내,2018 08 02
전자금융서비스 이용약관 개정 안내,2018 07 30
청년 우대형 주택청약종합저축 출시 안내,2018 07 27
2018년 2분기 KEB하나은행 민원 건수 공시,2018 07 26
일시중단 LGU+ 휴대폰 본인인증 서비스 일시중단 안내 ,2018 07 23
새로워진 하나멤버스 Grand Open!,2018 07 23
영업점 통합 안내,2018 07 20
KEB하나 행복지킴이통장 특약 변경 안내,2018 07 18
내집마련 디딤돌대출 금리 인하 안내,2018 07 13
전자금융채널 시스템 운영안정화에 따른 금융거래 일시 중단 안내,2018 07 12
안전망대출에 대한 추가약정서 개정 안내,2018 07 12
전자금융 관련 약관 및 약정서 개정 안내,2018 07 11
몽골, 방글라데시
위택스(통합지방세 정보시스템) 서비스 일시중단 안내(인천 남구청),2018 06 29
(아이) 꿈하나 적금 특약 변경 안내,2018 06 29
전자금융서비스 이용약관 개정 안내,2018 06 28
신상품 대전시청년희망통장 출시 안내,2018 06 27
내집마련디딤돌대출 개정 안내,2018 06 26
안내 제 26회 KEB하나은행 자연사랑 어린이 미술대회 예선접수,2018 06 26
주택도시기금대출 추가약정서 제정 안내,2018 06 25
기업간 결제성상품 관련 약관 개정 안내,2018 06 22
KEB행복지킴이통장 특약 변경 안내,2018 06 18
일시중단 자동화기기(ATM) 거래 일시중단 안내,2018 06 08
추가약정서(가계형소호 기업대출용) 변경 안내,2018 06 01
HAI뱅킹 서비스 확대 안내,2018 05 31
현금IC카드 가맹점약관 개정 안내,2018 05 29
KEB하나은행 도전! GLOBAL 탐방이벤트 대행사(여행사) 선정 재공고,2018 05 29
일시중단 공인인증서 거래 일시중단 안내,2018 05 29
일시중단  인터넷뱅킹/모바일뱅킹(1Q Bank) 내 검색서비스 일시중단 안내,2018 05 25
주택도시기금 대출업무 시행세칙 개정 안내(내집마련 디딤돌대출),2018 05 24
골드바 상품 약관 개정,2018 05 24
전세자금대출(한국주택금융공사 보증) 권리보험사 선정 재공고,2018 05 23
OTP 관련업무 일시중단 안내,2018 05 23
전자금융채널 시스템 운영안정화에 따른 금융거래 일시 중단 안내,2018 05 14
스마트OTP 타 기관 이용방법 변경안내,2018 05 10
영업점 통합 안내,2018 05 08
우리은행 관련 금융거래 일시중단 안내,2018 05 04
(아이) 사랑해 적금, 꿈나무 적금 판매중단 안내
글로벌페이 서비스 재개 안내,2018 05 03
신상품  (아이) 꿈하나 적금  출시 안내,2018 05 02
아카데미론  대출대상  개정 예정 안내,2018 04 30
제11기 하나금융그룹 SMART홍보대사 모집,2018 04 30
전자어음거래 약관 변경 안내,2018 04 30
외국환업무 관련 기간별 연체가산 이율 인하 안내,2018 04 27
연체가산금리 인하 안내,2018 04 26
2018년 1분기 KEB하나은행 민원 건수 공시,2018 04 26
거래중단 외국통화 안내,2018 04 24
퇴직연금시스템 개편 안내,2018 04 20
일시중단 생체인증 서비스(삼성휴대폰) 일시중단 안내,2018 04 19
일시중단 출국정보 조회서비스 일시중단 안내,2018 04 17
사업자 주거래 우대통장 특약 변경 안내,2018 04 16
대출서비스 일시 중단 안내,2018 04 13
제 26회 KEB하나은행 자연사랑 어린이 미술대회 안내,2018 04 13
2018 KEB하나은행 어린이날 초청행사 대행사 선정 공고,2018 04 12
일시중단 SKT 휴대폰 본인인증 서비스 일시중단 안내,2018 04 11
HAI뱅킹 서비스 확대 안내,2018 04 11
전자금융채널 시스템 운영안정화에 따른 금융거래 일시 중단 안내,2018 04 05
하나 입출금 거래내역 문자통지서비스(약관) 개정 예정 안내,2018 04 05
기업 전자금융서비스 이용약관 개정 안내,2018 04 05
벤처기업투자신탁저축약관(소득공제자용) 제정 안내,2018 04 02
정책성 서민대출 손님에 대한 ATM 수수료 면제안내,2018 04 02
KEB하나은행 전문인력 채용 공고,2018 03 30
신상품청년희망키움통장출시 안내,2018 03 29
전자금융서비스 이용시간 변경 안내,2018 03 27
일시중단 출국정보 조회서비스 일시중단 안내,2018 03 26
2018 KEB하나은행 경제 뮤지컬 대행사 선정 재공고,2018 03 16
위택스 (통합지방세 정보시스템) 서비스 중단안내,2018 03 16
수신상품 판매중단 안내 ,2018 03 16
일시중단 인터넷뱅킹 시스템 개선작업 으로 인한 서비스 일시중단 안내,2018 03 14
1Q대출상품 신규 가입 중단 안내,2018 03 13
오! 필승 코리아 적금 2016 특약 변경 안내,2018 03 09
하나된 평창 적금  재판매 안내,2018 03 08
제 26회 KEB하나은행 자연사랑 어린이 미술대회 대행사 선정 공고,2018 03 07
퇴직연금 업무 일시중단안내 (2018.03.03 오전11시~12시),2018 03 02
개인종합자산관리계좌(ISA) 가입요건 부적격 통보 및 가입유형 전환안내,2018 03 02
2018 KEB 하나은행 경제뮤지컬 대행사 선정 공고,2018 03 02
주택도시기금 대출업무 시행세칙 개정 안내(내집마련 디딤돌대출),2018 02 28
주택도시기금대출 및 국민주택채권 판매중지 안내,2018 02 28
일시중단 한국전자인증 인증서 업무 일시중단 안내 ,2018 02 23
영업점 통합 안내,2018 02 13
수신상품 금리 변경 안내,2018 02 12
대학등록금 주말근무 영업점 안내,2018 02 08
(구)한꿈이카드 교통서비스 종료 및 환불 안내,2018 02 07
 오늘은 얼마니? 적금  특약 변경 안내,2018 02 01
일시중단 출국정보 조회서비스 일시중단 안내,2018 01 30
2017년 4분기 KEB하나은행 민원 건수 공시,2018 01 30
유가증권 수탁약정서 이용약관 개정 안내,2018 01 26
KEB하나 삼성페이 서비스 이용약관 개정 안내,2018 01 26
휴면예금 출연 예정 안내,2018 01 26
희망키움통장, 내일키움통장
일시중단 출국정보 조회서비스 일시중단 안내,2018 01 18
온라인환전(사이버 환전,콜센터 환전
외국환거래 약정서 개정 안내,2018 01 18
주택도시기금 대출업무 시행세칙 개정 안내(버팀목전세자금대출, 내집마련 디딤돌대출)
일시중단 한국전자인증 공인인증서 업무 일시중단 안내,2018 01 15
 바보의 나눔 통장  및  바보의 나눔 적금  특약 변경 안내,2018 01 10
일시중단 출국정보 조회서비스 일시중단 안내,2018 01 09
골드바 상품 약관 개정 안내,2018 01 05
KEB하나은행 SWIFT BIC 코드 안내,2018 01 05
신상품  내집마련 더블업(Double Up)적금  출시 안내,2018 01 04
일시중단 전자금융공동망 업무 일시중단 안내,2018 01 04
위택스 (통합지방세 정보시스템) 서비스 중단안내,2018 01 04
수신상품 금리 변경 안내,2017 12 29
KEB하나은행 기업신용평가시스템 재구축을 위한 입찰 공고,2017 12 29
일임형 개인종합자산관리계좌(ISA) 약관 개정 안내,2017 12 28
일시중단 출국정보 조회서비스 일시중단 안내,2017 12 27
주택도시기금 대출업무 시행세칙 개정 안내(버팀목전세자금대출, 주거안정월세대출)
주택도시기금 대출업무 시행세칙 개정 안내(내집마련 디딤돌대출),2017 12 22
인터넷 FX 딜링거래 약정서 개정 안내,2017 12 21
