title ,period,url
"퀴즈 맞추고, LCK 친필 사인 티셔츠를!",2022.02.14 ~ 2022.03.20,https://spot.wooribank.com/pot/Dream?withyou=EVEVT0001&cc=c001308:c001386
주택청약종합저축 가입하고 이벤트 3배 혜택받자!,2022.02.09 ~ 2022.03.31,https://spot.wooribank.com/pot/Dream?withyou=EVEVT0001&cc=c001308:c001386
신상품 「우리 청년희망 적금」 출시 이벤트,2022.02.09 ~ 2022.03.31,https://spot.wooribank.com/pot/Dream?withyou=EVEVT0001&cc=c001308:c001386
재테크로 럭키찬스!,2022.02.07 ~ 2022.03.31,https://spot.wooribank.com/pot/Dream?withyou=EVEVT0001&cc=c001308:c001386
우리WON기업 신규가입 이벤트,2022.02.04 ~ 2022.03.31,https://spot.wooribank.com/pot/Dream?withyou=EVEVT0001&cc=c001308:c001386
계좌결제 이용하면 꿀머니가 가득~,2022.01.01 ~ 2022.03.31,https://spot.wooribank.com/pot/Dream?withyou=EVEVT0001&cc=c001308:c001386
마이데이터로 호랑이 기운 받으세요 이벤트,2022.01.05 ~ 2022.02.28,https://spot.wooribank.com/pot/Dream?withyou=EVEVT0001&cc=c001308:c001386
직장인을 위한 특별한 혜택! 우리 직장인셀럽,2021.09.02 ~ 2022.12.31,https://spot.wooribank.com/pot/Dream?withyou=EVEVT0001&cc=c001308:c001386
우리아이를 위한 우리아이행복바우처,2020.11.09 ~ 2022.12.31,https://spot.wooribank.com/pot/Dream?withyou=EVEVT0001&cc=c001308:c001386
청년을 위한 우리미래드림바우처Ⅱ,2020.09.18 ~ 2022.12.31,https://spot.wooribank.com/pot/Dream?withyou=EVEVT0001&cc=c001308:c001386
