title,period,url
"부린이, 청약있니? #스벅최대4잔 #고야드클러치득템",2022.02.15 ~ 2022.04.15,https://www.kebhana.com/cont/news/news02/1480296_115431.jsp
"첫 급여 새내기 직장인만 적금 금리우대 쿠폰 iPad, Watch 행운",2022.02.10 ~ 2022.03.31,https://www.kebhana.com/cont/news/news02/1480225_115431.jsp
세금 빽(Back) 커피 겟(Get) 퇴직연금 IRP 신규이벤트,2022.02.07 ~ 2022.03.31,https://www.kebhana.com/cont/news/news02/1480049_115431.jsp
하나 아이디어 공모 (하나머니 이벤트),2022.01.01 ~ 2022.12.29,https://www.kebhana.com/cont/news/news02/1480203_115431.jsp
하나 타이밍 적금 첫 타이밍을 응원합니다!,2022.02.01 ~ 2022.03.31,https://www.kebhana.com/cont/news/news02/1480143_115431.jsp
2022년 룰렛 돌리고 다시 떠나는 해외여행,2022.01.24 ~ 2022.03.23,https://www.kebhana.com/cont/news/news02/1479947_115431.jsp
올해는 아이에게 맡기세요! 금융 교육 이벤트,2022.01.13 ~ 2022.03.02,https://www.kebhana.com/cont/news/news02/1479857_115431.jsp
어~흥!나는 적립식펀드 이벤트,2022.01.03 ~ 2022.03.31,https://www.kebhana.com/cont/news/news02/1479729_115431.jsp
주거독립 5배 福주머니 청약과 적금이 만나~ 적금 최대 연 5.5%,2022.01.03 ~ 2022.03.31,https://www.kebhana.com/cont/news/news02/1479649_115431.jsp
하나은행으로 국민연금을 받거나 받을 예정이라면?,2021.10.05 ~ 2022.03.31,https://www.kebhana.com/cont/news/news02/1478485_115431.jsp
자녀 청약통장 만들고 띠 도장 & 1만 하나머니 받으세요~,2022.01.03 ~ 2022.12.31,https://www.kebhana.com/cont/news/news02/1473984_115431.jsp
"수수료 500원도, 이제 그만 내세요~!",2021.03.08 ~ 2022.12.31,https://www.kebhana.com/cont/news/news02/1473181_115431.jsp
이체수수료 평~생 0원!,2020.08.12 ~ 2022.12.31,https://www.kebhana.com/cont/news/news02/1479638_115431.jsp
